Model,MSE,Inception Score
VAE(带KL),14.319320138549804,2.5
VAE(不带KL),11.45879465637207,2.3
GAN,N/A,2.8
