Method,MSE
MLP AE,0.021486395969986916
Conv AE,0.017027949914336205
